Chemical Formula, Original Eg (eV),Eg predicted by ETR (eV),Eg predicted by XGBR (eV)
C2H8N1Ge1F3,4.7308,4.7308,4.70952
C2H8N1Ge1F3,4.1096,4.1096,4.11988
C2H8N1Ge1F3,4.9047,4.9047,4.90173
C2H8N1Ge1F3,4.7719,4.7719,4.77307
C2H8N1Ge1F3,4.9833,4.9833,4.97904
C2H8N1Ge1F3,4.6939,4.6939,4.69667
C2H8N1Ge1F3,4.8165,4.8165,4.82067
C2H8N1Ge1F3,4.7179,4.7179,4.70517
C2H8N1Ge1F3,4.7975,4.7975,4.79803
C3H10N1Ge1F3,4.8213,4.8213,4.81922
C3H10N1Ge1F3,4.4135,4.4135,4.4156
C3H10N1Ge1F3,4.6503,4.6503,4.64551
C3H10N1Ge1F3,4.7411,4.7411,4.7444
C3H10N1Ge1F3,4.4955,4.4955,4.49565
C3H10N1Ge1F3,4.9373,4.9373,4.933
C3H10N1Ge1F3,4.544,4.544,4.54287
C3H10N1Ge1F3,4.4171,4.4171,4.41633
C4H12N1Ge1F3,4.9896,4.9896,4.98999
C4H12N1Ge1F3,4.7056,4.7056,4.7103
C4H12N1Ge1F3,4.4597,4.4597,4.46084
C4H12N1Ge1F3,5.0083,5.0083,5.0064
C3H10N1Ge1F3,5.0654,5.0654,5.0685
C3H10N1Ge1F3,4.6967,4.6967,4.69797
C3H10N1Ge1F3,5.0755,5.0755,5.06791
C3H10N1Ge1F3,5.0006,5.0006,5.01085
C3H10N1Ge1F3,5.1859,5.1859,5.18405
C3H10N1Ge1F3,5.2826,5.2826,5.28419
C3H10N1Ge1F3,5.111,5.111,5.11221
C3H10N1Ge1F3,5.2083,5.2083,5.2019
C3H10N1Ge1F3,5.1654,5.1654,5.15636
C2H8N1Ge1F3,4.4064,4.4064,4.41525
C2H8N1Ge1F3,4.4251,4.4251,4.43116
C2H8N1Ge1F3,4.5823,4.5823,4.57932
C2H8N1Ge1F3,4.7917,4.7917,4.79909
C2H8N1Ge1F3,4.925,4.925,4.90638
C2H7N2Ge1F3,3.9198,3.9198,3.92084
C2H7N2Ge1F3,4.1616,4.1616,4.16742
C2H7N2Ge1F3,4.6413,4.6413,4.63
C2H7N2Ge1F3,4.2786,4.2786,4.27379
C2H7N2Ge1F3,4.014,4.014,4.01273
C2H7N2Ge1F3,3.9181,3.9181,3.92196
C1H6N1Ge1F3,3.7372,3.7372,3.73533
C1H6N1Ge1F3,3.5371,3.5371,3.55283
C1H6N1Ge1F3,5.086,5.086,5.08685
C1H6N1Ge1F3,4.6896,4.6896,4.69091
C1H6N1Ge1F3,4.8821,4.8821,4.88604
C1H6N1Ge1F3,4.1813,4.1813,4.18435
C1H6N3Ge1F3,4.4237,4.4237,4.42215
C1H6N3Ge1F3,4.3791,4.3791,4.36907
C1H6N3Ge1F3,4.4226,4.4226,4.43056
H4N1O1Ge1F3,4.3696,4.3696,4.37335
H4N1O1Ge1F3,4.7641,4.7641,4.767
H4N1O1Ge1F3,4.819,4.819,4.82334
H4N1O1Ge1F3,4.9442,4.9442,4.94225
H4N1O1Ge1F3,4.8647,4.8647,4.86666
H4N1O1Ge1F3,5.0065,5.0065,5.00438
H4N1O1Ge1F3,5.0078,5.0078,4.99803
C1H5N2Ge1F3,3.988,3.988,3.98979
C1H5N2Ge1F3,3.2414,3.2414,3.24358
C4H12N1Ge1F3,5.0979,5.0979,5.09181
C4H12N1Ge1F3,4.8029,4.8029,4.81306
H5N2Ge1F3,4.5138,4.5138,4.50547
H5N2Ge1F3,4.7907,4.7907,4.79181
H5N2Ge1F3,4.6812,4.6812,4.68296
H5N2Ge1F3,4.6275,4.6275,4.6253
H5N2Ge1F3,4.5997,4.5997,4.60012
H5N2Ge1F3,5.0657,5.0657,5.05856
H5N2Ge1F3,4.2524,4.2524,4.25848
H5N2Ge1F3,4.9053,4.9053,4.90339
H4N1Ge1F3,4.9352,4.9352,4.93112
H4N1Ge1F3,3.7949,3.7949,3.79344
C3H10N1Ge1F3,4.7972,4.7972,4.79545
C3H10N1Ge1F3,4.0751,4.0751,4.08566
C3H10N1Ge1F3,5.1352,5.1352,5.13086
C3H10N1Ge1F3,4.8979,4.8979,4.89737
C3H10N1Ge1F3,5.4105,5.4105,5.39858
C3H10N1Ge1F3,5.019,5.019,5.02091
C3H10N1Ge1F3,4.7389,4.7389,4.7513
C3H8N1Ge1F3,4.5779,4.5779,4.56993
C3H8N1Ge1F3,4.6433,4.6433,4.64135
C3H8N1Ge1F3,4.5199,4.5199,4.51605
C3H8N1Ge1F3,4.32,4.32,4.32732
C3H8N1Ge1F3,4.2639,4.2639,4.26863
C3H8N1Ge1F3,4.1412,4.1412,4.14712
C3H8N1Ge1F3,4.3389,4.3389,4.35136
C3H8N1Ge1F3,4.2628,4.2628,4.27507
C3H8N1Ge1F3,4.3823,4.3823,4.38879
C3H8N1Ge1F3,4.3624,4.3624,4.36253
C3H8N1Ge1F3,4.5366,4.5366,4.5388
C3H8N1Ge1F3,4.6364,4.6364,4.63923
C3H8N1Ge1F3,4.8697,4.8697,4.84603
C3H5N2Ge1F3,4.1623,4.1623,4.15983
C3H5N2Ge1F3,3.9817,3.9817,3.98622
C3H5N2Ge1F3,3.9877,3.9877,3.98449
C3H5N2Ge1F3,4.461,4.461,4.45894
C3H5N2Ge1F3,3.389,3.389,3.38915
C3H5N2Ge1F3,3.1585,3.1585,3.16071
C2H8N1Ge1Cl3,2.8106,2.8106,2.79951
C2H8N1Ge1Cl3,2.6788,2.6788,2.68803
C2H8N1Ge1Cl3,3.963,3.963,3.969
C2H8N1Ge1Cl3,3.9273,3.9273,3.93832
C2H8N1Ge1Cl3,3.8292,3.8292,3.83136
C2H8N1Ge1Cl3,3.8356,3.8356,3.83461
C2H8N1Ge1Cl3,3.4158,3.4158,3.42121
C2H8N1Ge1Cl3,3.6156,3.6156,3.60742
C2H8N1Ge1Cl3,2.2048,2.2048,2.20474
C2H8N1Ge1Cl3,3.8202,3.8202,3.82085
C3H10N1Ge1Cl3,3.3946,3.3946,3.40253
C3H10N1Ge1Cl3,3.2668,3.2668,3.27133
C3H10N1Ge1Cl3,2.922,2.922,2.92424
C3H10N1Ge1Cl3,3.0388,3.0388,3.0398
C3H10N1Ge1Cl3,3.2108,3.2108,3.19746
C3H10N1Ge1Cl3,2.7957,2.7957,2.81398
C3H10N1Ge1Cl3,4.0272,4.0272,4.03365
C3H10N1Ge1Cl3,3.3997,3.3997,3.40149
C3H10N1Ge1Cl3,3.2363,3.2363,3.24651
C3H10N1Ge1Cl3,4.0342,4.0342,4.02521
C3H10N1Ge1Cl3,3.0706,3.0706,3.07248
C4H12N1Ge1Cl3,3.3353,3.3353,3.33158
C4H12N1Ge1Cl3,3.4628,3.4628,3.4614
C4H12N1Ge1Cl3,3.5945,3.5945,3.6
C3H10N1Ge1Cl3,3.502,3.502,3.49842
C3H10N1Ge1Cl3,3.2592,3.2592,3.26938
C3H10N1Ge1Cl3,3.0774,3.0774,3.0799
C3H10N1Ge1Cl3,3.8686,3.8686,3.87007
C3H10N1Ge1Cl3,3.9482,3.9482,3.94612
C3H10N1Ge1Cl3,3.9371,3.9371,3.94088
C3H10N1Ge1Cl3,3.7877,3.7877,3.78675
C3H10N1Ge1Cl3,4.0093,4.0093,3.99772
C2H8N1Ge1Cl3,2.891,2.891,2.89959
C2H8N1Ge1Cl3,2.9207,2.9207,2.9186
C2H8N1Ge1Cl3,2.9188,2.9188,2.92433
C2H8N1Ge1Cl3,3.6948,3.6948,3.68767
C2H8N1Ge1Cl3,3.7103,3.7103,3.72985
C2H8N1Ge1Cl3,3.9589,3.9589,3.95758
C2H8N1Ge1Cl3,3.9308,3.9308,3.93712
C2H7N2Ge1Cl3,3.0623,3.0623,3.07021
C2H7N2Ge1Cl3,2.892,2.892,2.87655
C2H7N2Ge1Cl3,3.9967,3.9967,3.98736
C2H7N2Ge1Cl3,3.7606,3.7606,3.76359
C2H7N2Ge1Cl3,3.8657,3.8657,3.86577
C1H6N1Ge1Cl3,2.0343,2.0343,2.02307
C1H6N1Ge1Cl3,3.6655,3.6655,3.66671
C1H6N1Ge1Cl3,3.9411,3.9411,3.93698
C1H6N1Ge1Cl3,3.7477,3.7477,3.75495
C1H6N1Ge1Cl3,3.1524,3.1524,3.15523
C1H6N3Ge1Cl3,3.1356,3.1356,3.13775
C1H6N3Ge1Cl3,2.7209,2.7209,2.7284
C1H6N3Ge1Cl3,3.8838,3.8838,3.8759
H4N1O1Ge1Cl3,1.9337,1.9337,1.94423
H4N1O1Ge1Cl3,3.3077,3.3077,3.2953
H4N1O1Ge1Cl3,3.471,3.471,3.4798
H4N1O1Ge1Cl3,3.508,3.508,3.5119
H4N1O1Ge1Cl3,3.9299,3.9299,3.93143
H4N1O1Ge1Cl3,3.8342,3.8342,3.83302
H4N1O1Ge1Cl3,3.9345,3.9345,3.93004
C1H5N2Ge1Cl3,2.6066,2.6066,2.60752
C1H5N2Ge1Cl3,2.8144,2.8144,2.81105
C1H5N2Ge1Cl3,3.3581,3.3581,3.35039
C4H12N1Ge1Cl3,3.5289,3.5289,3.53136
C4H12N1Ge1Cl3,3.5924,3.5924,3.57563
C4H12N1Ge1Cl3,3.5046,3.5046,3.51695
H5N2Ge1Cl3,1.7931,1.7931,1.79619
H5N2Ge1Cl3,3.4672,3.4672,3.46719
H5N2Ge1Cl3,2.8794,2.8794,2.88451
H5N2Ge1Cl3,3.4851,3.4851,3.47967
H5N2Ge1Cl3,3.4723,3.4723,3.47566
H5N2Ge1Cl3,3.5943,3.5943,3.58425
H5N2Ge1Cl3,3.798,3.798,3.80075
H5N2Ge1Cl3,3.4877,3.4877,3.48733
H5N2Ge1Cl3,3.6891,3.6891,3.68476
H5N2Ge1Cl3,4.0598,4.0598,4.05918
H4N1Ge1Cl3,3.5976,3.5976,3.60143
H4N1Ge1Cl3,2.1817,2.1817,2.1841
C3H10N1Ge1Cl3,2.97,2.97,2.96687
C3H10N1Ge1Cl3,2.88,2.88,2.89233
C3H10N1Ge1Cl3,3.4408,3.4408,3.43994
C3H10N1Ge1Cl3,3.7503,3.7503,3.74727
C3H10N1Ge1Cl3,3.3264,3.3264,3.31946
C3H10N1Ge1Cl3,3.8653,3.8653,3.86482
C3H10N1Ge1Cl3,3.8881,3.8881,3.88742
C3H10N1Ge1Cl3,3.9581,3.9581,3.94958
C3H8N1Ge1Cl3,2.7481,2.7481,2.73895
C3H8N1Ge1Cl3,2.6892,2.6892,2.67664
C3H8N1Ge1Cl3,2.8624,2.8624,2.8548
C3H8N1Ge1Cl3,2.7425,2.7425,2.74667
C3H8N1Ge1Cl3,3.2771,3.2771,3.2767
C3H8N1Ge1Cl3,2.973,2.973,2.97277
C3H8N1Ge1Cl3,3.1393,3.1393,3.13985
C3H8N1Ge1Cl3,3.9298,3.9298,3.92839
C3H8N1Ge1Cl3,3.9251,3.9251,3.92694
C3H8N1Ge1Cl3,3.9185,3.9185,3.92649
C3H8N1Ge1Cl3,3.9416,3.9416,3.93074
C3H8N1Ge1Cl3,3.3277,3.3277,3.3349
C3H8N1Ge1Cl3,3.4139,3.4139,3.40028
C3H8N1Ge1Cl3,3.441,3.441,3.44794
C3H5N2Ge1Cl3,2.7251,2.7251,2.73392
C3H5N2Ge1Cl3,3.0696,3.0696,3.07323
C3H5N2Ge1Cl3,3.2599,3.2599,3.24795
C3H5N2Ge1Cl3,3.5568,3.5568,3.56058
C3H5N2Ge1Cl3,3.4866,3.4866,3.493
C3H5N2Ge1Cl3,3.6706,3.6706,3.6617
C2H8N1Ge1Br3,2.0791,2.0791,2.08275
C2H8N1Ge1Br3,2.1127,2.1127,2.10872
C2H8N1Ge1Br3,3.363,3.363,3.36366
C2H8N1Ge1Br3,3.2712,3.2712,3.27396
C2H8N1Ge1Br3,3.2442,3.2442,3.24578
C2H8N1Ge1Br3,3.2523,3.2523,3.24999
C2H8N1Ge1Br3,2.9562,2.9562,2.96084
C2H8N1Ge1Br3,3.1263,3.1263,3.14451
C2H8N1Ge1Br3,3.4013,3.4013,3.39737
C2H8N1Ge1Br3,1.8833,1.8833,1.88109
C2H8N1Ge1Br3,3.2937,3.2937,3.29336
C3H10N1Ge1Br3,2.6795,2.6795,2.67988
C3H10N1Ge1Br3,2.4381,2.4381,2.44769
C3H10N1Ge1Br3,2.3272,2.3272,2.32788
C3H10N1Ge1Br3,2.4324,2.4324,2.42433
C3H10N1Ge1Br3,2.3843,2.3843,2.38549
C3H10N1Ge1Br3,2.3461,2.3461,2.34559
C3H10N1Ge1Br3,3.4442,3.4442,3.4366
C3H10N1Ge1Br3,3.0398,3.0398,3.04326
C3H10N1Ge1Br3,3.2665,3.2665,3.26056
C3H10N1Ge1Br3,2.4728,2.4728,2.48723
C3H10N1Ge1Br3,3.3277,3.3277,3.32777
C3H10N1Ge1Br3,3.0294,3.0294,3.02708
C3H10N1Ge1Br3,2.4276,2.4276,2.42453
C4H12N1Ge1Br3,2.6513,2.6513,2.64943
C4H12N1Ge1Br3,2.7665,2.7665,2.77002
C4H12N1Ge1Br3,3.0741,3.0741,3.0735
C3H10N1Ge1Br3,2.7716,2.7716,2.76563
C3H10N1Ge1Br3,2.5742,2.5742,2.57199
C3H10N1Ge1Br3,2.2287,2.2287,2.2306
C3H10N1Ge1Br3,2.2394,2.2394,2.25113
C3H10N1Ge1Br3,3.0172,3.0172,3.02684
C3H10N1Ge1Br3,3.2812,3.2812,3.27975
C3H10N1Ge1Br3,3.3495,3.3495,3.34738
C3H10N1Ge1Br3,3.2006,3.2006,3.20208
C3H10N1Ge1Br3,3.4035,3.4035,3.40747
C2H8N1Ge1Br3,2.352,2.352,2.34737
C2H8N1Ge1Br3,2.3829,2.3829,2.38361
C2H8N1Ge1Br3,2.3786,2.3786,2.37778
C2H8N1Ge1Br3,2.1972,2.1972,2.18768
C2H8N1Ge1Br3,3.2485,3.2485,3.24627
C2H8N1Ge1Br3,3.3132,3.3132,3.31552
C2H8N1Ge1Br3,3.4417,3.4417,3.42925
C2H8N1Ge1Br3,3.44,3.44,3.4333
C2H8N1Ge1Br3,3.266,3.266,3.27347
C2H7N2Ge1Br3,2.3067,2.3067,2.31351
C2H7N2Ge1Br3,2.3849,2.3849,2.38332
C2H7N2Ge1Br3,2.2149,2.2149,2.21997
C2H7N2Ge1Br3,3.4148,3.4148,3.41831
C2H7N2Ge1Br3,3.2405,3.2405,3.2433
C2H7N2Ge1Br3,3.331,3.331,3.3253
C1H6N1Ge1Br3,1.6035,1.6035,1.60898
C1H6N1Ge1Br3,1.7183,1.7183,1.71671
C1H6N1Ge1Br3,3.1305,3.1305,3.12844
C1H6N1Ge1Br3,3.3396,3.3396,3.34033
C1H6N1Ge1Br3,3.1682,3.1682,3.16537
C1H6N1Ge1Br3,2.6156,2.6156,2.61678
C1H6N3Ge1Br3,2.2922,2.2922,2.28773
C1H6N3Ge1Br3,2.091,2.091,2.08692
C1H6N3Ge1Br3,3.222,3.222,3.22594
H4N1O1Ge1Br3,1.6643,1.6643,1.66352
H4N1O1Ge1Br3,2.6575,2.6575,2.65284
H4N1O1Ge1Br3,2.6896,2.6896,2.69236
H4N1O1Ge1Br3,2.5384,2.5384,2.5385
H4N1O1Ge1Br3,3.323,3.323,3.32297
H4N1O1Ge1Br3,3.0111,3.0111,3.01
H4N1O1Ge1Br3,3.1727,3.1727,3.17359
C1H5N2Ge1Br3,1.8608,1.8608,1.85404
C1H5N2Ge1Br3,2.0459,2.0459,3.93588
C1H5N2Ge1Br3,3.0368,3.0368,3.80619
C4H12N1Ge1Br3,2.6105,2.6105,3.3336
C4H12N1Ge1Br3,2.7818,2.7818,3.33232
C4H12N1Ge1Br3,3.0469,3.0469,3.11993
H5N2Ge1Br3,1.5009,1.5009,3.11932
H5N2Ge1Br3,2.376,2.376,3.13849
H5N2Ge1Br3,2.8113,2.8113,2.99119
H5N2Ge1Br3,2.7535,2.7535,2.68533
H5N2Ge1Br3,3.0239,3.0239,2.2876
H5N2Ge1Br3,2.7652,2.7652,2.03662
H5N2Ge1Br3,3.0485,3.0485,3.61792
H5N2Ge1Br3,2.935,2.935,3.69958
H5N2Ge1Br3,2.9449,2.9449,3.43767
H5N2Ge1Br3,3.0884,3.0884,3.70002
H5N2Ge1Br3,3.0447,3.0447,3.46992
H4N1Ge1Br3,2.9108,2.9108,3.69761
H4N1Ge1Br3,2.0807,2.0807,3.37593
H4N1Ge1Br3,2.8923,2.8923,1.85758
H4N1Ge1Br3,3.023,3.023,3.52499
C3H10N1Ge1Br3,2.3621,2.3621,3.07955
C3H10N1Ge1Br3,2.5035,2.5035,2.93014
C3H10N1Ge1Br3,2.9615,2.9615,2.41856
C3H10N1Ge1Br3,2.9518,2.9518,2.6831
C3H10N1Ge1Br3,2.5798,2.5798,2.69544
C3H10N1Ge1Br3,3.3033,3.3033,2.6692
C3H10N1Ge1Br3,3.3712,3.3712,3.64193
C3H10N1Ge1Br3,3.1742,3.1742,3.67714
C3H10N1Ge1Br3,3.4608,3.4608,3.72265
C3H8N1Ge1Br3,2.0557,2.0557,3.69527
C3H8N1Ge1Br3,2.0604,2.0604,3.38214
C3H8N1Ge1Br3,2.1701,2.1701,3.69083
C3H8N1Ge1Br3,1.9935,1.9935,2.97321
C3H8N1Ge1Br3,2.5857,2.5857,2.87701
C3H8N1Ge1Br3,2.5097,2.5097,3.12908
C3H8N1Ge1Br3,2.6105,2.6105,3.24491
C3H8N1Ge1Br3,3.2796,3.2796,3.017
C3H8N1Ge1Br3,3.4454,3.4454,2.65234
C3H8N1Ge1Br3,3.386,3.386,2.68875
C3H8N1Ge1Br3,3.3386,3.3386,2.95914
C3H8N1Ge1Br3,3.371,3.371,3.5039
C3H8N1Ge1Br3,3.121,3.121,3.48555
C3H8N1Ge1Br3,2.8849,2.8849,3.66303
C3H8N1Ge1Br3,2.9214,2.9214,3.56744
C3H8N1Ge1Br3,2.9176,2.9176,3.62813
C3H5N2Ge1Br3,2.1419,2.1419,2.69618
C3H5N2Ge1Br3,2.382,2.382,2.46958
C3H5N2Ge1Br3,2.5419,2.5419,2.16809
C3H5N2Ge1Br3,2.3783,2.3783,3.63565
C3H5N2Ge1Br3,3.2518,3.2518,3.62694
C3H5N2Ge1Br3,3.2719,3.2719,3.61732
C3H5N2Ge1Br3,3.2102,3.2102,3.58564
C3H5N2Ge1Br3,3.1582,3.1582,3.57606
C2H8N1Ge1I3,1.5575,1.5575,2.51689
C2H8N1Ge1I3,1.6098,1.6098,2.61581
C2H8N1Ge1I3,2.7602,2.7602,2.27415
C2H8N1Ge1I3,2.553,2.553,3.71439
C2H8N1Ge1I3,2.3777,2.3777,3.85514
C2H8N1Ge1I3,2.6473,2.6473,3.61894
C2H8N1Ge1I3,2.5892,2.5892,1.47007
C2H8N1Ge1I3,2.0798,2.0798,1.59978
C2H8N1Ge1I3,2.6417,2.6417,3.37296
C2H8N1Ge1I3,2.8083,2.8083,3.79644
C2H8N1Ge1I3,1.5328,1.5328,3.62204
C2H8N1Ge1I3,2.6357,2.6357,3.00474
C3H10N1Ge1I3,1.8906,1.8906,2.57662
C3H10N1Ge1I3,1.8108,1.8108,3.68451
C3H10N1Ge1I3,1.7705,1.7705,3.05888
C3H10N1Ge1I3,1.6555,1.6555,2.92221
C3H10N1Ge1I3,1.7751,1.7751,3.61094
C3H10N1Ge1I3,1.8304,1.8304,3.6069
C3H10N1Ge1I3,2.753,2.753,3.65663
C3H10N1Ge1I3,2.7482,2.7482,3.63217
C3H10N1Ge1I3,2.6416,2.6416,2.13096
C3H10N1Ge1I3,2.5584,2.5584,2.32443
C3H10N1Ge1I3,2.6404,2.6404,2.77494
C3H10N1Ge1I3,1.849,1.849,2.93527
C4H12N1Ge1I3,2.0522,2.0522,3.09726
C4H12N1Ge1I3,1.9921,1.9921,3.35201
C4H12N1Ge1I3,2.0269,2.0269,1.90728
C4H12N1Ge1I3,2.406,2.406,2.55242
C3H10N1Ge1I3,1.8623,1.8623,3.41108
C3H10N1Ge1I3,1.8944,1.8944,3.15583
C3H10N1Ge1I3,1.7006,1.7006,3.12141
C3H10N1Ge1I3,1.7387,1.7387,3.18651
C3H10N1Ge1I3,2.5278,2.5278,3.43411
C3H10N1Ge1I3,2.6387,2.6387,3.69325
C3H10N1Ge1I3,2.5256,2.5256,3.06104
C3H10N1Ge1I3,2.6465,2.6465,3.12253
C3H10N1Ge1I3,2.5741,2.5741,3.77062
C3H10N1Ge1I3,2.75,2.75,3.05247
C2H8N1Ge1I3,1.8904,1.8904,1.90242
C2H8N1Ge1I3,1.8975,1.8975,3.04617
C2H8N1Ge1I3,1.9249,1.9249,3.45305
C2H8N1Ge1I3,1.483,1.483,2.49404
C2H8N1Ge1I3,2.3127,2.3127,2.32218
C2H8N1Ge1I3,2.5542,2.5542,2.89018
C2H8N1Ge1I3,2.8169,2.8169,3.3355
C2H8N1Ge1I3,2.4715,2.4715,3.24626
C2H7N2Ge1I3,1.7835,1.7835,2.9462
C2H7N2Ge1I3,1.8069,1.8069,3.08444
C2H7N2Ge1I3,1.6986,1.6986,3.45946
C2H7N2Ge1I3,2.8295,2.8295,3.46375
C2H7N2Ge1I3,2.5794,2.5794,3.67261
C2H7N2Ge1I3,2.8099,2.8099,2.04523
C1H6N1Ge1I3,1.4025,1.4025,1.93527
C1H6N1Ge1I3,1.5001,1.5001,2.54949
C1H6N1Ge1I3,2.3973,2.3973,2.2129
C1H6N1Ge1I3,2.6704,2.6704,2.81169
C1H6N1Ge1I3,2.3494,2.3494,2.37926
C1H6N1Ge1I3,2.2025,2.2025,2.55462
C1H6N3Ge1I3,1.6035,1.6035,3.60292
C1H6N3Ge1I3,1.6601,1.6601,3.56581
C1H6N3Ge1I3,2.6052,2.6052,3.53965
H4N1O1Ge1I3,1.6032,1.6032,3.53831
H4N1O1Ge1I3,2.0284,2.0284,3.53719
H4N1O1Ge1I3,2.08,2.08,3.55169
H4N1O1Ge1I3,2.0185,2.0185,3.58702
H4N1O1Ge1I3,2.2685,2.2685,3.23944
H4N1O1Ge1I3,2.4334,2.4334,2.99934
H4N1O1Ge1I3,2.2246,2.2246,3.12208
C1H5N2Ge1I3,1.419,1.419,2.44114
C1H5N2Ge1I3,1.7296,1.7296,2.85592
C1H5N2Ge1I3,2.6082,2.6082,2.61989
C4H12N1Ge1I3,1.9294,1.9294,2.64078
C4H12N1Ge1I3,2.5843,2.5843,3.47592
H5N2Ge1I3,1.3701,1.3701,3.47874
H5N2Ge1I3,1.8221,1.8221,3.51365
H5N2Ge1I3,1.8012,1.8012,3.42377
H5N2Ge1I3,2.1449,2.1449,1.68247
H5N2Ge1I3,2.2479,2.2479,1.54518
H5N2Ge1I3,2.2632,2.2632,3.09107
H5N2Ge1I3,2.0705,2.0705,3.22322
H5N2Ge1I3,2.0042,2.0042,2.92049
H5N2Ge1I3,2.376,2.376,3.18626
H5N2Ge1I3,2.0416,2.0416,3.01734
H5N2Ge1I3,2.0933,2.0933,2.93175
H4N1Ge1I3,2.3499,2.3499,3.23052
H4N1Ge1I3,1.9956,1.9956,3.01417
H4N1Ge1I3,2.4459,2.4459,1.51403
C3H10N1Ge1I3,1.8251,1.8251,2.96257
C3H10N1Ge1I3,1.8145,1.8145,2.48985
C3H10N1Ge1I3,1.9304,1.9304,2.43803
C3H10N1Ge1I3,1.674,1.674,2.13046
C3H10N1Ge1I3,2.5815,2.5815,2.02582
C3H10N1Ge1I3,2.5165,2.5165,2.09478
C3H10N1Ge1I3,2.6305,2.6305,1.99012
C3H10N1Ge1I3,2.4395,2.4395,3.14575
C3H10N1Ge1I3,2.7695,2.7695,3.0352
C3H8N1Ge1I3,1.6271,1.6271,2.94512
C3H8N1Ge1I3,1.6936,1.6936,3.17344
C3H8N1Ge1I3,1.7011,1.7011,2.92561
C3H8N1Ge1I3,1.4519,1.4519,3.15833
C3H8N1Ge1I3,2.0942,2.0942,2.11603
C3H8N1Ge1I3,2.1384,2.1384,2.35457
C3H8N1Ge1I3,2.1335,2.1335,2.55164
C3H8N1Ge1I3,2.3455,2.3455,2.81091
C3H8N1Ge1I3,2.8685,2.8685,2.36487
C3H8N1Ge1I3,2.7159,2.7159,2.05482
C3H8N1Ge1I3,2.8148,2.8148,2.11824
C3H8N1Ge1I3,2.2535,2.2535,2.29912
C3H8N1Ge1I3,2.3993,2.3993,2.97588
C3H8N1Ge1I3,2.4319,2.4319,2.95244
C3H8N1Ge1I3,2.3319,2.3319,3.00782
C3H5N2Ge1I3,1.7491,1.7491,2.89226
C3H5N2Ge1I3,1.8116,1.8116,2.97925
C3H5N2Ge1I3,1.8199,1.8199,3.07464
C3H5N2Ge1I3,2.4169,2.4169,3.25318
C3H5N2Ge1I3,2.4053,2.4053,1.73275
C3H5N2Ge1I3,2.7051,2.7051,1.79833
C3H5N2Ge1I3,2.2463,2.2463,1.73215
C3H5N2Ge1I3,2.5763,2.5763,1.78847
C2H8N1Sn1F3,3.9644,3.9644,3.13717
C2H8N1Sn1F3,3.7489,3.7489,3.0231
C2H8N1Sn1F3,4.1327,4.1327,3.10917
C2H8N1Sn1F3,4.3494,4.3494,1.75129
C2H8N1Sn1F3,4.1877,4.1877,1.89776
C2H8N1Sn1F3,4.6737,4.6737,1.6732
C2H8N1Sn1F3,3.6117,3.6117,3.18854
C2H8N1Sn1F3,4.1906,4.1906,3.30673
C2H8N1Sn1F3,3.8402,3.8402,3.12789
C2H8N1Sn1F3,3.6215,3.6215,3.0296
C2H8N1Sn1F3,4.1305,4.1305,1.17891
C3H10N1Sn1F3,4.1275,4.1275,1.2434
C3H10N1Sn1F3,4.2514,4.2514,2.80251
C3H10N1Sn1F3,4.1136,4.1136,3.34351
C3H10N1Sn1F3,4.0308,4.0308,2.84177
C3H10N1Sn1F3,3.9887,3.9887,2.35762
C3H10N1Sn1F3,3.9912,3.9912,1.74859
C3H10N1Sn1F3,4.2712,4.2712,1.42449
C3H10N1Sn1F3,3.9428,3.9428,3.03546
C3H10N1Sn1F3,3.6891,3.6891,2.53235
C3H10N1Sn1F3,3.9251,3.9251,2.22029
C4H12N1Sn1F3,4.3788,4.3788,2.49231
C4H12N1Sn1F3,4.2198,4.2198,2.71837
C4H12N1Sn1F3,3.8394,3.8394,3.15265
C4H12N1Sn1F3,4.5104,4.5104,3.0983
C3H10N1Sn1F3,4.4654,4.4654,3.1012
C3H10N1Sn1F3,3.8953,3.8953,1.38794
C3H10N1Sn1F3,4.3976,4.3976,1.44103
C3H10N1Sn1F3,4.4459,4.4459,2.5908
C3H10N1Sn1F3,4.0701,4.0701,2.21228
C3H10N1Sn1F3,4.3318,4.3318,2.33796
C3H10N1Sn1F3,4.5432,4.5432,2.86944
C3H10N1Sn1F3,4.6621,4.6621,1.34869
C3H10N1Sn1F3,4.2627,4.2627,2.14626
C2H8N1Sn1F3,4.1801,4.1801,2.26561
C2H8N1Sn1F3,4.0651,4.0651,2.59744
C2H8N1Sn1F3,4.1025,4.1025,2.66292
C2H8N1Sn1F3,3.6679,3.6679,2.74798
C2H8N1Sn1F3,4.1309,4.1309,2.68533
C2H8N1Sn1F3,4.2046,4.2046,3.25534
C2H8N1Sn1F3,4.2539,4.2539,2.60935
C2H8N1Sn1F3,4.3066,4.3066,2.64151
C2H8N1Sn1F3,3.9306,3.9306,3.19758
C2H7N2Sn1F3,3.2079,3.2079,2.48042
C2H7N2Sn1F3,3.5558,3.5558,2.68615
C2H7N2Sn1F3,3.8046,3.8046,1.71526
C2H7N2Sn1F3,3.3743,3.3743,2.96426
C2H7N2Sn1F3,3.4091,3.4091,1.74393
C2H7N2Sn1F3,3.368,3.368,2.17329
C1H6N1Sn1F3,3.2677,3.2677,2.33238
C1H6N1Sn1F3,4.038,4.038,2.61917
C1H6N1Sn1F3,3.931,3.931,2.22997
C1H6N1Sn1F3,4.1904,4.1904,1.86788
C1H6N1Sn1F3,4.1968,4.1968,2.94027
C1H6N1Sn1F3,4.131,4.131,2.93578
C1H6N3Sn1F3,4.2025,4.2025,2.95491
C1H6N3Sn1F3,3.2823,3.2823,2.76684
H4N1O1Sn1F3,4.0241,4.0241,3.21348
H4N1O1Sn1F3,3.9798,3.9798,1.44119
H4N1O1Sn1F3,3.9711,3.9711,1.41877
H4N1O1Sn1F3,4.4055,4.4055,1.80858
H4N1O1Sn1F3,3.9715,3.9715,1.4994
C1H5N2Sn1F3,3.5213,3.5213,1.93029
C1H5N2Sn1F3,2.6836,2.6836,2.01679
C4H12N1Sn1F3,4.4999,4.4999,3.13701
H5N2Sn1F3,4.235,4.235,3.14119
H5N2Sn1F3,4.1549,4.1549,3.09953
H5N2Sn1F3,4.1688,4.1688,3.15226
H5N2Sn1F3,4.0122,4.0122,3.16676
H5N2Sn1F3,3.1011,3.1011,2.94669
H5N2Sn1F3,4.1659,4.1659,3.15671
H5N2Sn1F3,4.4268,4.4268,2.70645
H5N2Sn1F3,4.2929,4.2929,2.5342
H4N1Sn1F3,4.2507,4.2507,2.58904
H4N1Sn1F3,3.8748,3.8748,1.74458
H4N1Sn1F3,4.332,4.332,2.25628
C3H10N1Sn1F3,4.5276,4.5276,2.01697
C3H10N1Sn1F3,3.3117,3.3117,3.10494
C3H10N1Sn1F3,4.5373,4.5373,3.23502
C3H10N1Sn1F3,3.6108,3.6108,3.02101
C3H10N1Sn1F3,4.3045,4.3045,3.13915
C3H10N1Sn1F3,4.264,4.264,1.36736
C3H10N1Sn1F3,4.2701,4.2701,1.27231
C3H8N1Sn1F3,3.9419,3.9419,2.54282
C3H8N1Sn1F3,3.7115,3.7115,2.54088
C3H8N1Sn1F3,4.1677,4.1677,2.29883
C3H8N1Sn1F3,3.5409,3.5409,2.57727
C3H8N1Sn1F3,3.5981,3.5981,2.40924
C3H8N1Sn1F3,3.5918,3.5918,2.28389
C3H8N1Sn1F3,3.444,3.444,2.70269
C3H8N1Sn1F3,3.5099,3.5099,2.60887
C3H8N1Sn1F3,3.4936,3.4936,1.31614
C3H8N1Sn1F3,3.4943,3.4943,2.40855
C3H8N1Sn1F3,3.5013,3.5013,1.76977
C3H8N1Sn1F3,3.7006,3.7006,1.80687
C3H8N1Sn1F3,3.8873,3.8873,1.63032
C3H8N1Sn1F3,4.0071,4.0071,1.36441
C3H5N2Sn1F3,3.9355,3.9355,1.52327
C3H5N2Sn1F3,3.806,3.806,1.37422
C3H5N2Sn1F3,3.3364,3.3364,2.61347
C3H5N2Sn1F3,3.33,3.33,2.55872
C3H5N2Sn1F3,3.1236,3.1236,2.43707
C3H5N2Sn1F3,3.1193,3.1193,2.65038
C3H5N2Sn1F3,3.1435,3.1435,2.64221
C3H5N2Sn1F3,2.9884,2.9884,1.63915
C3H5N2Sn1F3,2.6833,2.6833,1.7557
C2H8N1Sn1Cl3,2.2887,2.2887,2.0066
C2H8N1Sn1Cl3,2.0315,2.0315,2.31849
C2H8N1Sn1Cl3,3.6129,3.6129,1.76846
C2H8N1Sn1Cl3,3.7112,3.7112,1.5977
C2H8N1Sn1Cl3,3.4436,3.4436,1.58048
C2H8N1Sn1Cl3,3.7046,3.7046,1.38679
C2H8N1Sn1Cl3,3.4652,3.4652,2.49389
C2H8N1Sn1Cl3,3.7022,3.7022,2.46632
C2H8N1Sn1Cl3,3.3772,3.3772,2.46574
C2H8N1Sn1Cl3,1.848,1.848,2.59526
C2H8N1Sn1Cl3,3.536,3.536,2.68633
C3H10N1Sn1Cl3,3.1033,3.1033,1.45288
C3H10N1Sn1Cl3,2.9417,2.9417,1.48333
C3H10N1Sn1Cl3,2.4002,2.4002,1.45972
C3H10N1Sn1Cl3,2.6791,2.6791,1.27159
C3H10N1Sn1Cl3,2.6998,2.6998,2.52571
C3H10N1Sn1Cl3,2.6582,2.6582,2.58625
C3H10N1Sn1Cl3,3.6424,3.6424,2.49361
C3H10N1Sn1Cl3,3.6784,3.6784,2.39917
C3H10N1Sn1Cl3,3.7311,3.7311,1.3227
C3H10N1Sn1Cl3,3.701,3.701,1.36064
C3H10N1Sn1Cl3,3.3773,3.3773,1.22495
C3H10N1Sn1Cl3,3.6932,3.6932,2.62878
C3H10N1Sn1Cl3,2.9721,2.9721,2.45266
C4H12N1Sn1Cl3,2.8612,2.8612,2.36416
C4H12N1Sn1Cl3,3.131,3.131,1.03103
C4H12N1Sn1Cl3,3.244,3.244,1.06386
C3H10N1Sn1Cl3,3.0122,3.0122,2.23507
C3H10N1Sn1Cl3,2.6468,2.6468,2.79499
C3H10N1Sn1Cl3,2.68,2.68,2.19813
C3H10N1Sn1Cl3,2.9689,2.9689,1.84734
C3H10N1Sn1Cl3,3.5037,3.5037,1.25438
C3H10N1Sn1Cl3,3.4863,3.4863,1.08459
C3H10N1Sn1Cl3,3.6639,3.6639,2.43483
C3H10N1Sn1Cl3,3.5556,3.5556,1.50188
C3H10N1Sn1Cl3,3.6254,3.6254,1.73187
C2H8N1Sn1Cl3,2.7179,2.7179,1.82703
C2H8N1Sn1Cl3,2.4763,2.4763,1.80287
C2H8N1Sn1Cl3,2.1475,2.1475,2.4206
C2H8N1Sn1Cl3,3.6362,3.6362,2.46607
C2H8N1Sn1Cl3,3.6166,3.6166,2.11229
C2H8N1Sn1Cl3,3.6287,3.6287,1.16149
C2H8N1Sn1Cl3,3.5799,3.5799,1.06689
C2H8N1Sn1Cl3,3.5784,3.5784,2.48921
C2H7N2Sn1Cl3,2.5242,2.5242,1.54638
C2H7N2Sn1Cl3,2.6158,2.6158,2.46932
C2H7N2Sn1Cl3,2.267,2.267,1.06232
C2H7N2Sn1Cl3,3.7135,3.7135,1.67292
C2H7N2Sn1Cl3,3.8586,3.8586,2.00247
C2H7N2Sn1Cl3,3.6331,3.6331,2.18795
C1H6N1Sn1Cl3,1.4646,1.4646,2.23257
C1H6N1Sn1Cl3,1.6094,1.6094,2.10321
C1H6N1Sn1Cl3,3.3688,3.3688,2.47313
C1H6N1Sn1Cl3,3.802,3.802,2.24582
C1H6N1Sn1Cl3,3.641,3.641,2.05406
C1H6N1Sn1Cl3,2.9994,2.9994,2.00358
C1H6N3Sn1Cl3,2.5824,2.5824,2.12028
C1H6N3Sn1Cl3,3.6896,3.6896,2.30518
H4N1O1Sn1Cl3,3.0607,3.0607,1.71786
H4N1O1Sn1Cl3,2.9124,2.9124,2.30195
H4N1O1Sn1Cl3,3.6127,3.6127,2.36522
H4N1O1Sn1Cl3,3.6197,3.6197,1.37682
H4N1O1Sn1Cl3,3.656,3.656,1.36219
H4N1O1Sn1Cl3,3.629,3.629,1.48965
C1H5N2Sn1Cl3,2.1304,2.1304,1.63047
C1H5N2Sn1Cl3,2.3183,2.3183,1.92615
C1H5N2Sn1Cl3,2.7659,2.7659,1.40361
C4H12N1Sn1Cl3,2.9327,2.9327,2.45108
C4H12N1Sn1Cl3,3.0996,3.0996,2.52212
C4H12N1Sn1Cl3,3.3434,3.3434,2.50345
H5N2Sn1Cl3,1.8954,1.8954,2.47249
H5N2Sn1Cl3,2.5332,2.5332,2.71638
H5N2Sn1Cl3,3.4108,3.4108,1.1174
H5N2Sn1Cl3,3.1593,3.1593,1.16786
H5N2Sn1Cl3,3.1166,3.1166,1.32788
H5N2Sn1Cl3,3.1853,3.1853,1.04266
H5N2Sn1Cl3,3.444,3.444,1.8688
H5N2Sn1Cl3,3.7082,3.7082,1.71166
H5N2Sn1Cl3,3.0582,3.0582,1.84382
H5N2Sn1Cl3,3.0906,3.0906,2.49464
H5N2Sn1Cl3,3.7711,3.7711,2.70085
H4N1Sn1Cl3,3.0524,3.0524,2.72791
H4N1Sn1Cl3,1.8983,1.8983,2.77347
H4N1Sn1Cl3,3.0521,3.0521,2.69699
H4N1Sn1Cl3,3.456,3.456,2.52384
C3H10N1Sn1Cl3,2.4934,2.4934,2.29472
C3H10N1Sn1Cl3,2.2948,2.2948,2.2458
C3H10N1Sn1Cl3,2.8817,2.8817,2.17553
C3H10N1Sn1Cl3,3.3544,3.3544,1.43453
C3H10N1Sn1Cl3,3.2609,3.2609,1.3747
C3H10N1Sn1Cl3,2.9548,2.9548,1.38383
C3H10N1Sn1Cl3,3.1067,3.1067,1.45467
C3H10N1Sn1Cl3,3.458,3.458,2.54499
C3H10N1Sn1Cl3,3.4696,3.4696,2.39422
C3H10N1Sn1Cl3,3.681,3.681,2.74566
C3H8N1Sn1Cl3,2.0435,2.0435,2.31113
C3H8N1Sn1Cl3,1.9365,1.9365,2.52093
C3H8N1Sn1Cl3,2.5533,2.5533,3.51749
C3H8N1Sn1Cl3,2.2266,2.2266,4.14652
C3H8N1Sn1Cl3,2.8082,2.8082,5.04968
C3H8N1Sn1Cl3,2.3613,2.3613,5.09343
C3H8N1Sn1Cl3,2.5546,2.5546,4.94913
C3H8N1Sn1Cl3,3.6041,3.6041,5.02068
C3H8N1Sn1Cl3,3.5621,3.5621,5.05954
C3H8N1Sn1Cl3,3.5266,3.5266,4.73495
C3H8N1Sn1Cl3,3.5409,3.5409,4.68861
C3H8N1Sn1Cl3,3.5379,3.5379,4.37598
C3H8N1Sn1Cl3,3.5575,3.5575,3.25392
C3H8N1Sn1Cl3,3.5768,3.5768,4.27714
C3H8N1Sn1Cl3,3.2418,3.2418,4.55742
C3H8N1Sn1Cl3,2.9989,2.9989,3.80057
C3H8N1Sn1Cl3,3.1256,3.1256,4.08993
C3H5N2Sn1Cl3,2.4451,2.4451,4.48551
C3H5N2Sn1Cl3,2.8681,2.8681,4.34147
C3H5N2Sn1Cl3,2.6194,2.6194,3.75397
C3H5N2Sn1Cl3,2.6331,2.6331,4.93616
C3H5N2Sn1Cl3,3.471,3.471,4.86307
C3H5N2Sn1Cl3,3.4775,3.4775,4.23483
C3H5N2Sn1Cl3,3.5029,3.5029,4.34375
C3H5N2Sn1Cl3,3.4225,3.4225,4.52069
C2H8N1Sn1Br3,1.6724,1.6724,4.52482
C2H8N1Sn1Br3,1.5308,1.5308,4.64289
C2H8N1Sn1Br3,3.1046,3.1046,4.80686
C2H8N1Sn1Br3,3.2286,3.2286,4.21429
C2H8N1Sn1Br3,2.9197,2.9197,4.51221
C2H8N1Sn1Br3,3.1852,3.1852,4.44201
C2H8N1Sn1Br3,3.0173,3.0173,4.42886
C2H8N1Sn1Br3,2.9239,2.9239,4.6405
C2H8N1Sn1Br3,3.2361,3.2361,4.91322
C2H8N1Sn1Br3,3.0127,3.0127,4.89413
C2H8N1Sn1Br3,1.5175,1.5175,4.66608
C2H8N1Sn1Br3,2.957,2.957,5.14026
C3H10N1Sn1Br3,2.4915,2.4915,5.37372
C3H10N1Sn1Br3,2.4442,2.4442,4.84408
C3H10N1Sn1Br3,2.134,2.134,4.38107
C3H10N1Sn1Br3,2.0319,2.0319,4.01778
C3H10N1Sn1Br3,2.0873,2.0873,4.16953
C3H10N1Sn1Br3,1.9877,1.9877,4.84889
C3H10N1Sn1Br3,3.1419,3.1419,4.80319
C3H10N1Sn1Br3,3.0464,3.0464,3.82022
C3H10N1Sn1Br3,2.9301,2.9301,3.8489
C3H10N1Sn1Br3,3.1747,3.1747,3.74235
C3H10N1Sn1Br3,2.9253,2.9253,4.34031
C3H10N1Sn1Br3,3.1584,3.1584,4.33887
C3H10N1Sn1Br3,2.122,2.122,4.27911
C4H12N1Sn1Br3,2.3568,2.3568,4.39438
C4H12N1Sn1Br3,2.5501,2.5501,4.84051
C4H12N1Sn1Br3,2.8051,2.8051,5.12411
C3H10N1Sn1Br3,2.3749,2.3749,5.20493
C3H10N1Sn1Br3,2.0577,2.0577,4.42932
C3H10N1Sn1Br3,2.1143,2.1143,4.20039
C3H10N1Sn1Br3,2.298,2.298,4.60941
C3H10N1Sn1Br3,2.9731,2.9731,4.71722
C3H10N1Sn1Br3,2.9558,2.9558,4.42132
C3H10N1Sn1Br3,2.9993,2.9993,4.74397
C3H10N1Sn1Br3,2.8746,2.8746,4.91674
C3H10N1Sn1Br3,2.988,2.988,4.6823
C3H10N1Sn1Br3,3.0739,3.0739,5.12338
C3H10N1Sn1Br3,3.2619,3.2619,4.96465
C2H8N1Sn1Br3,1.7324,1.7324,4.1059
C2H8N1Sn1Br3,1.7915,1.7915,3.45259
C2H8N1Sn1Br3,1.7376,1.7376,4.96817
C2H8N1Sn1Br3,1.7941,1.7941,4.11821
C2H8N1Sn1Br3,3.1467,3.1467,4.695
C2H8N1Sn1Br3,3.0209,3.0209,4.34872
C2H8N1Sn1Br3,3.1122,3.1122,4.41627
C2H7N2Sn1Br3,1.7584,1.7584,5.0662
C2H7N2Sn1Br3,1.9083,1.9083,4.25115
C2H7N2Sn1Br3,1.6883,1.6883,4.69966
C2H7N2Sn1Br3,3.1894,3.1894,4.87792
C2H7N2Sn1Br3,3.3094,3.3094,4.6677
C2H7N2Sn1Br3,3.1297,3.1297,4.52943
C2H7N2Sn1Br3,3.0249,3.0249,4.65093
C1H6N1Sn1Br3,1.163,1.163,4.75184
C1H6N1Sn1Br3,1.249,1.249,4.92779
C1H6N1Sn1Br3,2.8208,2.8208,4.70061
C1H6N1Sn1Br3,3.3442,3.3442,4.3975
C1H6N1Sn1Br3,2.8286,2.8286,4.7456
C1H6N1Sn1Br3,2.35,2.35,4.67027
C1H6N3Sn1Br3,1.7459,1.7459,4.62545
C1H6N3Sn1Br3,1.4178,1.4178,3.46224
C1H6N3Sn1Br3,3.035,3.035,4.62556
H4N1O1Sn1Br3,2.5316,2.5316,4.06728
H4N1O1Sn1Br3,2.227,2.227,3.66453
H4N1O1Sn1Br3,2.4965,2.4965,3.37128
H4N1O1Sn1Br3,2.7011,2.7011,4.69298
H4N1O1Sn1Br3,3.1545,3.1545,4.40715
H4N1O1Sn1Br3,3.1033,3.1033,4.4564
H4N1O1Sn1Br3,3.1038,3.1038,3.90532
C1H5N2Sn1Br3,1.3702,1.3702,4.23012
C1H5N2Sn1Br3,1.4457,1.4457,4.2937
C1H5N2Sn1Br3,2.5935,2.5935,4.24248
C4H12N1Sn1Br3,2.2126,2.2126,3.2935
C4H12N1Sn1Br3,2.3391,2.3391,3.31746
C4H12N1Sn1Br3,2.8749,2.8749,3.67766
H5N2Sn1Br3,1.34,1.34,3.83131
H5N2Sn1Br3,2.1423,2.1423,2.65098
H5N2Sn1Br3,2.2654,2.2654,3.95347
H5N2Sn1Br3,2.6056,2.6056,4.12093
H5N2Sn1Br3,2.6767,2.6767,3.58398
H5N2Sn1Br3,2.7449,2.7449,3.86392
H5N2Sn1Br3,2.6886,2.6886,3.53
H5N2Sn1Br3,3.2682,3.2682,3.74231
H5N2Sn1Br3,2.6132,2.6132,3.717
H5N2Sn1Br3,2.6376,2.6376,2.34261
H5N2Sn1Br3,3.2004,3.2004,3.66299
H5N2Sn1Br3,2.4537,2.4537,3.2945
H4N1Sn1Br3,2.6903,2.6903,2.97136
H4N1Sn1Br3,1.7221,1.7221,2.90032
H4N1Sn1Br3,2.97,2.97,2.74049
C3H10N1Sn1Br3,1.7405,1.7405,2.89735
C3H10N1Sn1Br3,2.1783,2.1783,3.99796
C3H10N1Sn1Br3,2.3371,2.3371,4.11467
C3H10N1Sn1Br3,2.6267,2.6267,4.02812
C3H10N1Sn1Br3,2.2303,2.2303,4.01552
C3H10N1Sn1Br3,1.8552,1.8552,3.07536
C3H10N1Sn1Br3,2.9493,2.9493,2.95377
C3H10N1Sn1Br3,2.9314,2.9314,2.95608
C3H10N1Sn1Br3,2.9468,2.9468,3.51044
C3H10N1Sn1Br3,2.7445,2.7445,2.97424
C3H10N1Sn1Br3,3.2177,3.2177,3.16935
C3H8N1Sn1Br3,1.4384,1.4384,2.88036
C3H8N1Sn1Br3,1.4078,1.4078,2.95008
C3H8N1Sn1Br3,1.8068,1.8068,3.13364
C3H8N1Sn1Br3,1.4949,1.4949,3.15615
C3H8N1Sn1Br3,1.9285,1.9285,3.70023
C3H8N1Sn1Br3,2.0147,2.0147,3.60639
C3H8N1Sn1Br3,3.1401,3.1401,3.71983
C3H8N1Sn1Br3,3.1633,3.1633,3.64321
C3H8N1Sn1Br3,3.1062,3.1062,3.98389
C3H8N1Sn1Br3,3.1454,3.1454,3.76796
C3H8N1Sn1Br3,3.1698,3.1698,2.66948
C3H8N1Sn1Br3,2.9279,2.9279,2.46901
C3H8N1Sn1Br3,3.1571,3.1571,2.38945
C3H8N1Sn1Br3,2.7053,2.7053,2.59979
C3H8N1Sn1Br3,2.5442,2.5442,3.90398
C3H8N1Sn1Br3,2.5807,2.5807,3.8318
C3H5N2Sn1Br3,1.7378,1.7378,3.78667
C3H5N2Sn1Br3,2.2604,2.2604,2.3313
C3H5N2Sn1Br3,2.0227,2.0227,2.77405
C3H5N2Sn1Br3,3.1044,3.1044,2.72566
C3H5N2Sn1Br3,3.2325,3.2325,4.03323
C3H5N2Sn1Br3,3.0214,3.0214,3.83802
C3H5N2Sn1Br3,3.1353,3.1353,3.76264
C2H8N1Sn1I3,1.3564,1.3564,2.56683
C2H8N1Sn1I3,1.2713,1.2713,2.53214
C2H8N1Sn1I3,2.5438,2.5438,3.64277
C2H8N1Sn1I3,2.5477,2.5477,3.84226
C2H8N1Sn1I3,2.2962,2.2962,3.54351
C2H8N1Sn1I3,2.5758,2.5758,2.46998
C2H8N1Sn1I3,2.4004,2.4004,2.47852
C2H8N1Sn1I3,2.2797,2.2797,3.89069
C2H8N1Sn1I3,2.7078,2.7078,3.57072
C2H8N1Sn1I3,2.6073,2.6073,3.43265
C2H8N1Sn1I3,1.316,1.316,3.75838
C2H8N1Sn1I3,2.4045,2.4045,3.88331
C3H10N1Sn1I3,1.7766,1.7766,3.99448
C3H10N1Sn1I3,1.8095,1.8095,3.99108
C3H10N1Sn1I3,1.6341,1.6341,2.37468
C3H10N1Sn1I3,1.3516,1.3516,2.68016
C3H10N1Sn1I3,1.5262,3.1954,3.1977
C3H10N1Sn1I3,1.3746,2.9253,2.93073
C3H10N1Sn1I3,2.6171,3.1341,3.13102
C3H10N1Sn1I3,2.5566,3.6033,3.59491
C3H10N1Sn1I3,2.4381,2.9813,2.97789
C3H10N1Sn1I3,2.6461,3.8903,3.89115
C3H10N1Sn1I3,2.6443,3.4721,3.47384
C3H10N1Sn1I3,1.6324,3.5608,3.55586
C4H12N1Sn1I3,1.7491,3.5936,3.60221
C4H12N1Sn1I3,2.0093,3.7294,3.72273
C4H12N1Sn1I3,2.3201,3.7646,3.7617
C3H10N1Sn1I3,1.7822,4.1416,4.14007
C3H10N1Sn1I3,1.5949,3.5911,3.59421
C3H10N1Sn1I3,1.5787,2.8234,2.82559
C3H10N1Sn1I3,1.383,3.5122,3.51395
C3H10N1Sn1I3,2.4959,2.6497,2.64512
C3H10N1Sn1I3,2.4641,2.5224,2.52377
C3H10N1Sn1I3,2.4698,3.0687,3.05665
C3H10N1Sn1I3,2.5916,3.3046,3.30431
C3H10N1Sn1I3,2.685,3.1892,3.18898
C2H8N1Sn1I3,1.4496,2.6485,2.65544
C2H8N1Sn1I3,1.4818,3.5789,3.5772
C2H8N1Sn1I3,1.4611,3.5536,3.56915
C2H8N1Sn1I3,1.2672,3.4032,3.41644
C2H8N1Sn1I3,2.5364,3.4124,3.40809
C2H8N1Sn1I3,2.5868,3.8314,3.83178
C2H8N1Sn1I3,2.491,2.4437,2.45721
C2H8N1Sn1I3,2.3987,2.3229,2.31967
C2H7N2Sn1I3,1.324,2.6221,2.62331
C2H7N2Sn1I3,1.3568,2.3359,2.33531
C2H7N2Sn1I3,1.2292,2.4119,2.42507
C2H7N2Sn1I3,2.6324,2.5394,2.53178
C2H7N2Sn1I3,2.4517,2.6985,2.70018
C2H7N2Sn1I3,2.3593,3.7849,3.79632
C1H6N1Sn1I3,1.0257,3.9521,3.9409
C1H6N1Sn1I3,1.063,3.9706,3.96566
C1H6N1Sn1I3,2.2408,3.5062,3.50098
C1H6N1Sn1I3,2.7963,3.0566,3.05361
C1H6N1Sn1I3,2.2061,2.8993,2.89524
C1H6N1Sn1I3,1.8503,2.8437,2.84651
C1H6N3Sn1I3,1.2413,2.5692,2.56985
C1H6N3Sn1I3,1.0856,2.685,2.68487
C1H6N3Sn1I3,2.4374,3.9396,3.93831
H4N1O1Sn1I3,1.5038,3.9306,3.92974
H4N1O1Sn1I3,1.7234,3.6393,3.63863
H4N1O1Sn1I3,1.819,3.6909,3.69121
H4N1O1Sn1I3,1.8065,2.2075,2.1931
H4N1O1Sn1I3,2.4249,2.1507,2.14112
H4N1O1Sn1I3,2.4653,3.336,3.34492
H4N1O1Sn1I3,2.1137,3.4249,3.44214
C1H5N2Sn1I3,1.1645,2.9639,2.97083
C1H5N2Sn1I3,1.0637,3.2713,3.2691
C1H5N2Sn1I3,2.493,3.3979,3.39278
C4H12N1Sn1I3,1.546,3.255,3.25154
C4H12N1Sn1I3,2.4696,1.9261,1.91405
H5N2Sn1I3,1.0554,3.3748,3.36792
H5N2Sn1I3,1.6747,2.686,2.68659
H5N2Sn1I3,2.0031,2.4784,2.47806
H5N2Sn1I3,2.1864,2.4262,2.42663
H5N2Sn1I3,2.2326,2.1145,2.11953
H5N2Sn1I3,2.1051,2.3592,2.35982
H5N2Sn1I3,2.4759,3.4587,3.45927
H5N2Sn1I3,2.2422,3.4143,3.4142
H5N2Sn1I3,2.0521,3.5573,3.5535
H5N2Sn1I3,2.0032,3.3336,3.33317
H5N2Sn1I3,2.119,3.3449,3.34676
H4N1Sn1I3,2.3074,2.4952,2.49527
H4N1Sn1I3,1.7199,2.4637,2.4605
H4N1Sn1I3,2.3042,2.4083,2.40797
H4N1Sn1I3,2.3629,2.6402,2.63721
C3H10N1Sn1I3,1.3755,2.4819,2.4909
C3H10N1Sn1I3,1.3633,2.4719,2.45359
C3H10N1Sn1I3,1.4971,2.2971,2.28166
C3H10N1Sn1I3,1.6415,2.3871,2.38659
C3H10N1Sn1I3,1.9257,2.4579,2.45248
C3H10N1Sn1I3,1.3905,3.1932,3.19456
C3H10N1Sn1I3,2.4482,3.2358,3.24126
C3H10N1Sn1I3,2.5237,3.4491,3.44524
C3H10N1Sn1I3,2.4985,3.2555,3.25098
C3H10N1Sn1I3,2.4784,2.1394,2.13833
C3H10N1Sn1I3,2.7118,2.0214,2.02096
C3H8N1Sn1I3,1.0994,2.0009,2.00223
C3H8N1Sn1I3,1.1918,2.1149,2.11017
C3H8N1Sn1I3,1.3292,3.3323,3.31374
C3H8N1Sn1I3,1.0252,3.3007,3.30016
C3H8N1Sn1I3,1.8696,3.287,3.29309
C3H8N1Sn1I3,1.7052,1.8768,1.87314
C3H8N1Sn1I3,1.8472,1.9555,1.96639
C3H8N1Sn1I3,2.4909,1.915,1.92579
C3H8N1Sn1I3,2.6984,3.373,3.37008
C3H8N1Sn1I3,2.7348,3.16,3.16264
C3H8N1Sn1I3,2.7848,3.1769,3.17639
C3H8N1Sn1I3,2.7007,2.0862,2.08159
C3H8N1Sn1I3,2.5259,2.0712,2.07653
C3H8N1Sn1I3,2.3027,2.9507,2.96709
C3H8N1Sn1I3,2.2491,3.2261,3.22566
C3H8N1Sn1I3,2.1735,2.9097,2.9074
C3H5N2Sn1I3,1.434,1.9713,1.97227
C3H5N2Sn1I3,1.3734,1.913,1.90845
C3H5N2Sn1I3,1.3872,3.2466,3.25859
C3H5N2Sn1I3,1.4518,2.9154,2.91489
C3H5N2Sn1I3,2.5472,2.8087,2.80415
C3H5N2Sn1I3,2.395,2.9582,2.95819
C3H5N2Sn1I3,2.7521,2.8553,2.85449
C3H5N2Sn1I3,2.3085,3.4865,3.48878
C3H5N2Sn1I3,2.5253,3.3551,3.34744
C2H8N1Pb1F3,3.5155,3.1651,3.16677
C2H8N1Pb1F3,4.153,1.9223,1.92498
C2H8N1Pb1F3,5.065,2.0273,2.01878
C2H8N1Pb1F3,5.0996,2.8349,2.83673
C2H8N1Pb1F3,4.9492,2.2969,2.29375
C2H8N1Pb1F3,5.0284,2.2759,2.27773
C2H8N1Pb1F3,5.0634,3.0837,3.0827
C2H8N1Pb1F3,4.7336,2.3859,2.37668
C2H8N1Pb1F3,4.6918,2.4973,2.49137
C2H8N1Pb1F3,4.3804,3.1638,3.16276
C2H8N1Pb1F3,3.2428,2.8478,2.85041
C2H8N1Pb1F3,4.2742,3.1011,3.1048
C3H10N1Pb1F3,4.5547,3.3217,3.31363
C3H10N1Pb1F3,3.8021,2.9293,2.93879
C3H10N1Pb1F3,4.0936,2.9141,2.92534
C3H10N1Pb1F3,4.4859,2.378,2.37887
C3H10N1Pb1F3,4.3448,2.8513,2.85338
C3H10N1Pb1F3,3.7495,3.0798,3.08317
C3H10N1Pb1F3,4.937,2.0668,2.07104
C3H10N1Pb1F3,4.8614,2.0366,2.03425
C3H10N1Pb1F3,4.2365,2.2716,2.29111
C3H10N1Pb1F3,4.341,2.4214,2.41853
C3H10N1Pb1F3,4.5207,2.5655,2.57109
C4H12N1Pb1F3,4.5241,2.0933,2.10895
C4H12N1Pb1F3,4.646,3.0849,3.08717
C3H10N1Pb1F3,4.8077,2.9966,3.01275
C3H10N1Pb1F3,4.2115,3.3223,3.3304
C3H10N1Pb1F3,4.5109,1.9129,1.90855
C3H10N1Pb1F3,4.4493,1.8915,1.89525
C3H10N1Pb1F3,4.4305,1.8617,1.87348
C3H10N1Pb1F3,4.6386,2.1195,2.11654
C3H10N1Pb1F3,4.9136,2.2172,2.2141
C3H10N1Pb1F3,4.8941,2.3528,2.35088
C3H10N1Pb1F3,4.6607,3.2549,3.24986
C3H10N1Pb1F3,5.1464,3.528,3.52478
C3H10N1Pb1F3,5.3747,3.3735,3.36675
C3H10N1Pb1F3,4.8428,3.2696,3.26921
C2H8N1Pb1F3,4.3901,2.8854,2.88596
C2H8N1Pb1F3,4.0013,2.7421,2.74215
C2H8N1Pb1F3,4.1669,2.5485,2.54633
C2H8N1Pb1F3,4.847,2.0319,2.02762
C2H8N1Pb1F3,4.8043,2.0541,2.05584
C2H7N2Pb1F3,3.8182,2.0313,2.0332
C2H7N2Pb1F3,3.8508,3.4238,3.42285
C2H7N2Pb1F3,3.7441,3.2357,3.23432
C2H7N2Pb1F3,4.3396,1.8794,1.85917
C2H7N2Pb1F3,4.3379,1.7746,1.77766
C1H6N1Pb1F3,4.2776,2.5507,2.54887
C1H6N1Pb1F3,4.3934,2.6586,2.65804
C1H6N1Pb1F3,4.8398,2.121,2.12806
C1H6N1Pb1F3,5.1276,2.464,2.46753
C1H6N1Pb1F3,5.212,2.5556,2.5556
C1H6N1Pb1F3,4.4293,2.7653,2.74151
C1H6N3Pb1F3,4.1993,2.1368,2.1409
C1H6N3Pb1F3,4.6108,1.4728,1.4875
H4N1O1Pb1F3,4.7197,2.7194,2.7096
H4N1O1Pb1F3,4.4184,2.1329,2.13519
H4N1O1Pb1F3,4.7393,2.0424,2.03942
H4N1O1Pb1F3,4.9155,2.0068,2.00495
H4N1O1Pb1F3,4.6832,1.6953,1.68886
H4N1O1Pb1F3,5.1237,1.7573,1.7564
H4N1O1Pb1F3,4.9635,1.6352,1.63955
C1H5N2Pb1F3,4.1116,1.6076,1.60973
C1H5N2Pb1F3,3.4464,2.9103,2.89934
C4H12N1Pb1F3,4.9716,2.7382,2.73631
H5N2Pb1F3,4.1188,2.5764,2.57825
H5N2Pb1F3,4.6943,2.8072,2.7956
H5N2Pb1F3,4.3418,2.8195,2.81729
H5N2Pb1F3,4.4152,2.0136,2.01378
H5N2Pb1F3,5.0656,2.01,2.0095
H5N2Pb1F3,4.2503,1.9361,1.93137
H5N2Pb1F3,4.7003,1.96,1.96343
H5N2Pb1F3,4.8788,2.4822,2.47975
H4N1Pb1F3,4.6669,1.7753,1.78593
H4N1Pb1F3,4.527,1.8351,1.83296
C3H10N1Pb1F3,4.6512,1.8532,1.84756
C3H10N1Pb1F3,4.7528,1.703,1.70685
C3H10N1Pb1F3,4.9268,1.6849,1.68982
C3H10N1Pb1F3,4.7049,2.7012,2.70299
C3H10N1Pb1F3,4.3983,2.7011,2.70276
C3H10N1Pb1F3,4.7486,2.7092,2.70643
C3H10N1Pb1F3,4.6719,2.8696,2.8691
C3H10N1Pb1F3,4.6185,2.5204,2.5237
C3H10N1Pb1F3,3.4595,1.7971,1.79412
C3H8N1Pb1F3,4.6299,1.7793,1.78637
C3H8N1Pb1F3,4.0624,1.805,1.8003
C3H8N1Pb1F3,3.6529,1.607,1.61021
C3H8N1Pb1F3,3.3606,2.4468,2.45665
C3H8N1Pb1F3,4.6948,2.5003,2.50758
C3H8N1Pb1F3,4.4082,2.5528,2.55135
C3H8N1Pb1F3,4.4567,1.6481,1.6477
C3H8N1Pb1F3,3.904,1.6716,1.67068
C3H8N1Pb1F3,4.2325,1.5898,1.59454
C3H5N2Pb1F3,4.2983,2.618,2.61285
C3H5N2Pb1F3,4.242,2.2821,2.29586
C3H5N2Pb1F3,3.2919,2.4189,2.41469
C3H5N2Pb1F3,3.3189,1.772,1.76566
C3H5N2Pb1F3,3.6763,1.7543,1.75734
C3H5N2Pb1F3,3.835,2.2112,2.21298
C2H8N1Pb1Cl3,2.6486,2.7987,2.80342
C2H8N1Pb1Cl3,3.9545,2.5391,2.53996
C2H8N1Pb1Cl3,4.1341,2.1995,2.19771
C2H8N1Pb1Cl3,3.5711,1.7272,1.71035
C2H8N1Pb1Cl3,3.863,1.5862,1.58813
C2H8N1Pb1Cl3,3.5214,2.6139,2.61184
C2H8N1Pb1Cl3,3.7438,2.0054,2.00447
C2H8N1Pb1Cl3,3.7074,2.2279,2.21902
C2H8N1Pb1Cl3,2.3458,2.2968,2.3065
C2H8N1Pb1Cl3,3.6642,2.2439,2.244
C3H10N1Pb1Cl3,3.2983,2.5121,2.51485
C3H10N1Pb1Cl3,2.9727,2.2939,2.29642
C3H10N1Pb1Cl3,2.8993,2.4752,2.46729
C3H10N1Pb1Cl3,2.7341,1.6258,1.62792
C3H10N1Pb1Cl3,2.9014,1.9124,1.91204
C3H10N1Pb1Cl3,4.0022,2.3343,2.32893
C3H10N1Pb1Cl3,4.1245,1.7965,1.7997
C3H10N1Pb1Cl3,4.0276,1.6871,1.68601
C3H10N1Pb1Cl3,4.0191,2.5409,2.5418
C3H10N1Pb1Cl3,3.0758,1.8533,1.84703
C4H12N1Pb1Cl3,2.9523,2.2274,2.22631
C4H12N1Pb1Cl3,2.953,1.9771,1.97845
C4H12N1Pb1Cl3,3.5088,2.1969,2.20259
C4H12N1Pb1Cl3,2.9756,2.3737,2.37917
C3H10N1Pb1Cl3,3.1857,2.8528,2.84608
C3H10N1Pb1Cl3,2.8825,2.4133,2.41452
C3H10N1Pb1Cl3,2.9458,2.0514,2.06143
C3H10N1Pb1Cl3,3.1297,2.3631,2.3551
C3H10N1Pb1Cl3,3.1582,2.3167,2.32026
C3H10N1Pb1Cl3,3.6995,2.0452,2.04502
C3H10N1Pb1Cl3,3.609,2.4065,2.4012
C3H10N1Pb1Cl3,3.7163,1.5974,1.60099
C3H10N1Pb1Cl3,3.641,1.6183,1.61745
C3H10N1Pb1Cl3,3.9948,1.6891,1.68631
C3H10N1Pb1Cl3,3.7675,1.7386,1.7393
C2H8N1Pb1Cl3,2.679,1.7666,1.77127
C2H8N1Pb1Cl3,2.462,1.8033,1.79632
C2H8N1Pb1Cl3,2.3908,1.7448,1.74163
C2H8N1Pb1Cl3,2.5941,2.5954,2.59595
C2H8N1Pb1Cl3,3.9049,2.5039,2.50644
C2H8N1Pb1Cl3,3.8264,2.3828,2.37968
C2H8N1Pb1Cl3,3.7791,2.3186,2.31893
C2H7N2Pb1Cl3,2.3041,2.9069,2.90651
C2H7N2Pb1Cl3,2.7718,1.5501,1.54685
C2H7N2Pb1Cl3,2.746,1.5159,1.52529
C2H7N2Pb1Cl3,4.0299,1.7818,1.7737
C2H7N2Pb1Cl3,3.852,1.5462,1.54483
C2H7N2Pb1Cl3,3.7663,1.5966,1.60003
C1H6N1Pb1Cl3,2.5715,1.7652,1.75736
C1H6N1Pb1Cl3,2.5313,1.7917,1.80014
C1H6N1Pb1Cl3,3.6508,2.499,2.50433
C1H6N1Pb1Cl3,3.8402,2.6534,2.64989
C1H6N1Pb1Cl3,3.5441,2.7275,2.73041
C1H6N3Pb1Cl3,2.4624,2.3712,2.37588
C1H6N3Pb1Cl3,2.4782,2.5367,2.53751
C1H6N3Pb1Cl3,3.8925,2.2069,2.21229
H4N1O1Pb1Cl3,3.5752,2.4482,2.44407
H4N1O1Pb1Cl3,3.4194,2.3324,2.32721
H4N1O1Pb1Cl3,3.7636,1.6653,1.66155
H4N1O1Pb1Cl3,3.8877,1.5309,1.53809
H4N1O1Pb1Cl3,3.9949,1.5521,1.55729
H4N1O1Pb1Cl3,3.9914,1.6908,1.68881
C1H5N2Pb1Cl3,2.3754,2.4629,2.46434
C1H5N2Pb1Cl3,2.6812,2.5749,2.57657
C1H5N2Pb1Cl3,3.1954,1.49764,2.14947
C4H12N1Pb1Cl3,2.9253,1.44326,2.34176
C4H12N1Pb1Cl3,3.1341,2.68132,2.56612
C4H12N1Pb1Cl3,3.6033,2.59292,2.63996
H5N2Pb1Cl3,2.9813,2.55442,3.07993
H5N2Pb1Cl3,3.8903,2.58787,1.93074
H5N2Pb1Cl3,3.4721,2.59101,2.32848
H5N2Pb1Cl3,3.5608,1.9527,2.48516
H5N2Pb1Cl3,3.5936,1.74974,2.64365
H5N2Pb1Cl3,3.7294,1.65039,2.53289
H5N2Pb1Cl3,3.7646,2.3896,3.08051
H5N2Pb1Cl3,4.1416,1.48476,3.02616
H5N2Pb1Cl3,3.5911,1.47937,2.52921
H4N1Pb1Cl3,2.8234,1.4602,3.03596
H4N1Pb1Cl3,3.5122,1.52162,3.10347
C3H10N1Pb1Cl3,2.6497,2.56335,3.15992
C3H10N1Pb1Cl3,2.5224,2.59316,2.49658
C3H10N1Pb1Cl3,3.0687,2.59374,2.15201
C3H10N1Pb1Cl3,3.3046,2.63808,2.61114
C3H10N1Pb1Cl3,3.1892,2.51925,2.82657
C3H10N1Pb1Cl3,2.6485,1.48337,2.42122
C3H10N1Pb1Cl3,3.5789,1.48246,2.30971
C3H10N1Pb1Cl3,3.5536,1.48137,2.4827
C3H10N1Pb1Cl3,3.4032,1.37847,2.59608
C3H10N1Pb1Cl3,3.4124,2.49023,2.5786
C3H10N1Pb1Cl3,3.8314,2.48298,2.97436
C3H8N1Pb1Cl3,2.4437,2.51465,3.16066
C3H8N1Pb1Cl3,2.3229,2.49479,3.0846
C3H8N1Pb1Cl3,2.6221,1.74392,3.26479
C3H8N1Pb1Cl3,2.3359,1.60444,2.19173
C3H8N1Pb1Cl3,2.4119,1.56765,2.07369
C3H8N1Pb1Cl3,2.5394,2.58747,2.11288
C3H8N1Pb1Cl3,2.6985,2.41567,2.0028
C3H8N1Pb1Cl3,3.7849,2.56256,2.25623
C3H8N1Pb1Cl3,3.9521,1.50808,2.31195
C3H8N1Pb1Cl3,3.9706,1.52727,2.51381
C3H8N1Pb1Cl3,3.5062,2.36858,3.39177
C3H8N1Pb1Cl3,3.0566,2.68336,3.35321
C3H8N1Pb1Cl3,2.8993,2.49767,3.13677
C3H5N2Pb1Cl3,2.8437,2.24308,3.26416
C3H5N2Pb1Cl3,2.5692,1.57254,3.28476
C3H5N2Pb1Cl3,2.685,1.55908,3.11183
C3H5N2Pb1Cl3,3.9396,2.53439,2.96417
C3H5N2Pb1Cl3,3.9306,1.68325,2.50757
C3H5N2Pb1Cl3,3.6393,2.25422,2.59257
C3H5N2Pb1Cl3,3.6909,2.16832,2.13601
C2H8N1Pb1Br3,2.2075,2.232,2.27417
C2H8N1Pb1Br3,2.1507,2.31027,2.03193
C2H8N1Pb1Br3,3.336,2.34876,2.0955
C2H8N1Pb1Br3,3.4249,2.32186,3.05579
C2H8N1Pb1Br3,2.9639,1.54229,3.00681
C2H8N1Pb1Br3,3.2713,1.69777,3.16793
C2H8N1Pb1Br3,3.3979,2.0237,3.24882
C2H8N1Pb1Br3,3.255,1.59199,1.60903
C2H8N1Pb1Br3,1.9261,2.52576,1.52186
C2H8N1Pb1Br3,3.3748,1.63534,2.37079
C3H10N1Pb1Br3,2.686,1.88086,2.21181
C3H10N1Pb1Br3,2.4784,1.97921,2.3351
C3H10N1Pb1Br3,2.4262,2.15243,2.3551
C3H10N1Pb1Br3,2.1145,2.11368,2.31257
C3H10N1Pb1Br3,2.3592,2.33378,2.19377
C3H10N1Pb1Br3,3.4587,2.44638,2.36196
C3H10N1Pb1Br3,3.4143,2.08592,2.30237
C3H10N1Pb1Br3,3.5573,2.34353,1.44305
C3H10N1Pb1Br3,3.3336,2.20837,2.31821
C3H10N1Pb1Br3,3.3449,2.28492,1.948
C3H10N1Pb1Br3,2.4952,2.22368,1.79136
C4H12N1Pb1Br3,2.4637,1.74988,1.78101
C4H12N1Pb1Br3,2.4083,2.1648,1.81326
C4H12N1Pb1Br3,2.6402,2.28076,1.83628
C4H12N1Pb1Br3,2.4819,1.5447,1.88558
C3H10N1Pb1Br3,2.4719,1.48524,2.3998
C3H10N1Pb1Br3,2.2971,1.53004,2.6398
C3H10N1Pb1Br3,2.3871,1.41503,2.71953
C3H10N1Pb1Br3,2.4579,1.69344,2.3806
C3H10N1Pb1Br3,3.1932,1.41593,2.73447
C3H10N1Pb1Br3,3.2358,2.38487,1.70508
C3H10N1Pb1Br3,3.4491,2.5021,1.93011
C3H10N1Pb1Br3,3.2555,2.48609,2.22448
C2H8N1Pb1Br3,2.1394,2.42049,2.1182
C2H8N1Pb1Br3,2.0214,2.742,2.31595
C2H8N1Pb1Br3,2.0009,1.45404,1.98742
C2H8N1Pb1Br3,2.1149,1.41278,1.96787
C2H8N1Pb1Br3,3.3323,1.40538,1.87944
C2H8N1Pb1Br3,3.3007,1.38019,1.72905
C2H8N1Pb1Br3,3.287,1.93799,2.29131
C2H7N2Pb1Br3,1.8768,1.85499,2.34364
C2H7N2Pb1Br3,1.9555,1.8695,2.54255
C2H7N2Pb1Br3,1.915,2.43283,2.44357
C2H7N2Pb1Br3,3.373,2.64503,2.44677
C2H7N2Pb1Br3,3.16,2.55966,2.38229
C2H7N2Pb1Br3,3.1769,2.60886,1.5791
C1H6N1Pb1Br3,2.0862,2.60053,1.58581
C1H6N1Pb1Br3,2.0712,2.46701,1.5588
C1H6N1Pb1Br3,2.9507,2.25706,1.5512
C1H6N1Pb1Br3,3.2261,2.1971,2.31979
C1H6N1Pb1Br3,2.9097,2.16536,2.30945
C1H6N3Pb1Br3,1.9713,1.51635,2.50395
C1H6N3Pb1Br3,1.913,1.53806,2.20891
C1H6N3Pb1Br3,3.2466,1.50045,1.97786
H4N1O1Pb1Br3,2.9154,1.55727,1.7002
H4N1O1Pb1Br3,2.8087,2.44913,1.51417
H4N1O1Pb1Br3,2.9582,2.44263,2.33554
H4N1O1Pb1Br3,2.8553,2.47541,2.1992
H4N1O1Pb1Br3,3.4865,2.47481,2.38888
H4N1O1Pb1Br3,3.3551,2.56411,1.41792
H4N1O1Pb1Br3,3.1651,4.04121,1.43916
C1H5N2Pb1Br3,1.9223,3.99956,2.08221
C1H5N2Pb1Br3,2.0273,4.13924,2.31903
C1H5N2Pb1Br3,2.8349,4.06761,2.07469
C4H12N1Pb1Br3,2.2969,4.12728,2.1661
C4H12N1Pb1Br3,2.2759,4.07027,1.60409
C4H12N1Pb1Br3,3.0837,4.24449,1.34547
H5N2Pb1Br3,2.3859,4.07632,2.21888
H5N2Pb1Br3,2.4973,4.12569,1.3772
H5N2Pb1Br3,3.1638,4.02559,2.15679
H5N2Pb1Br3,2.8478,3.98123,1.856
H5N2Pb1Br3,3.1011,4.13852,1.89705
H5N2Pb1Br3,3.3217,4.12569,2.24988
H5N2Pb1Br3,2.9293,4.26623,2.33416
H5N2Pb1Br3,2.9141,4.30646,2.03912
H4N1Pb1Br3,2.378,4.28218,1.32387
H4N1Pb1Br3,2.8513,4.2341,1.44489
H4N1Pb1Br3,3.0798,4.23905,1.63337
C3H10N1Pb1Br3,2.0668,4.14457,1.97349
C3H10N1Pb1Br3,2.0366,4.20459,2.1986
C3H10N1Pb1Br3,2.2716,4.17793,1.38279
C3H10N1Pb1Br3,2.4214,4.20116,1.96865
C3H10N1Pb1Br3,2.5655,4.15057,1.66839
C3H10N1Pb1Br3,2.0933,4.17011,1.72601
C3H10N1Pb1Br3,3.0849,4.19289,2.21448
C3H10N1Pb1Br3,2.9966,4.28565,2.28278
C3H10N1Pb1Br3,3.3223,4.20638,2.12167
C3H8N1Pb1Br3,1.9129,4.25102,2.11093
C3H8N1Pb1Br3,1.8915,4.27845,2.22712
C3H8N1Pb1Br3,1.8617,4.30418,2.05973
C3H8N1Pb1Br3,2.1195,4.29284,2.016
C3H8N1Pb1Br3,2.2172,4.31904,2.11823
C3H8N1Pb1Br3,2.3528,4.29428,1.68962
C3H8N1Pb1Br3,3.2549,4.29042,2.07364
C3H8N1Pb1Br3,3.528,4.3141,1.66944
C3H8N1Pb1Br3,3.3735,4.21323,1.63801
C3H8N1Pb1Br3,3.2696,4.26444,1.80567
C3H8N1Pb1Br3,2.8854,4.04568,1.92404
C3H8N1Pb1Br3,2.7421,4.04136,2.32743
C3H8N1Pb1Br3,2.5485,4.00815,2.43363
C3H5N2Pb1Br3,2.0319,4.19143,2.28517
C3H5N2Pb1Br3,2.0541,4.15467,2.35941
C3H5N2Pb1Br3,2.0313,3.74641,2.48745
C3H5N2Pb1Br3,3.4238,3.75728,1.83914
C3H5N2Pb1Br3,3.2357,3.74955,1.60695
C2H8N1Pb1I3,1.8794,3.70418,1.78638
C2H8N1Pb1I3,1.7746,3.7181,1.59559
C2H8N1Pb1I3,2.5507,3.9896,1.95043
C2H8N1Pb1I3,2.6586,4.01531,2.04198
C2H8N1Pb1I3,2.121,4.0776,1.98677
C2H8N1Pb1I3,2.464,4.21939,2.28868
C2H8N1Pb1I3,2.5556,4.08152,2.4301
C2H8N1Pb1I3,2.7653,4.03426,2.45826
C2H8N1Pb1I3,2.1368,3.8661,2.44485
C2H8N1Pb1I3,1.4728,3.67361,2.22061
C2H8N1Pb1I3,2.7194,3.94806,1.99207
C3H10N1Pb1I3,2.1329,3.98134,2.35275
C3H10N1Pb1I3,2.0424,3.92328,2.41229
C3H10N1Pb1I3,2.0068,3.99698,1.79967
C3H10N1Pb1I3,1.6953,3.96079,1.53064
C3H10N1Pb1I3,1.7573,4.11672,1.60947
C3H10N1Pb1I3,1.6352,3.97201,2.2004
C3H10N1Pb1I3,1.6076,3.70072,2.20617
C3H10N1Pb1I3,2.9103,3.53766,2.30964
C3H10N1Pb1I3,2.7382,4.22026,2.22724
C3H10N1Pb1I3,2.5764,3.99126,2.23498
C3H10N1Pb1I3,2.8072,4.13035,3.86803
C3H10N1Pb1I3,2.8195,4.10323,3.94776
C3H10N1Pb1I3,2.0136,4.12731,4.14225
C4H12N1Pb1I3,2.01,4.12393,3.75613
C4H12N1Pb1I3,1.9361,4.02429,3.90098
C4H12N1Pb1I3,1.96,4.04992,3.95962
C4H12N1Pb1I3,2.4822,4.02944,4.01841
C3H10N1Pb1I3,1.7753,4.00722,3.84921
C3H10N1Pb1I3,1.8351,4.05811,3.95365
C3H10N1Pb1I3,1.8532,4.29388,3.79664
C3H10N1Pb1I3,1.703,4.29599,3.89197
C3H10N1Pb1I3,1.6849,4.29972,3.92966
C3H10N1Pb1I3,2.7012,4.30015,4.18625
C3H10N1Pb1I3,2.7011,4.25783,3.77162
C3H10N1Pb1I3,2.7092,4.22679,4.00604
C3H10N1Pb1I3,2.8696,4.24636,3.99713
C3H10N1Pb1I3,2.5204,4.2756,3.90427
C2H8N1Pb1I3,1.7971,4.24867,4.18832
C2H8N1Pb1I3,1.7793,3.93582,3.89225
C2H8N1Pb1I3,1.805,3.96988,3.88376
C2H8N1Pb1I3,1.607,3.95099,3.73496
C2H8N1Pb1I3,2.4468,3.93155,3.88756
C2H8N1Pb1I3,2.5003,4.03327,4.02317
C2H8N1Pb1I3,2.5528,4.04158,3.89594
C2H7N2Pb1I3,1.6481,4.01861,3.81852
C2H7N2Pb1I3,1.6716,3.98186,4.07231
C2H7N2Pb1I3,1.5898,3.93232,3.86331
C2H7N2Pb1I3,2.618,3.54198,3.76641
C2H7N2Pb1I3,2.2821,3.61323,4.12205
C2H7N2Pb1I3,2.4189,3.43604,3.7907
C1H6N1Pb1I3,1.772,3.45965,4.13795
C1H6N1Pb1I3,1.7543,3.3159,4.07891
C1H6N1Pb1I3,2.2112,3.26099,4.2699
C1H6N1Pb1I3,2.7987,2.54326,3.78649
C1H6N1Pb1I3,2.5391,3.62098,3.81657
C1H6N1Pb1I3,2.1995,3.78443,3.95066
C1H6N3Pb1I3,1.7272,3.76117,3.9925
C1H6N3Pb1I3,1.5862,3.70931,3.91564
C1H6N3Pb1I3,2.6139,3.52522,4.22847
H4N1O1Pb1I3,2.0054,3.74667,3.89294
H4N1O1Pb1I3,2.2279,3.71522,3.89335
H4N1O1Pb1I3,2.2968,2.70297,3.94846
H4N1O1Pb1I3,2.2439,3.61654,4.05803
H4N1O1Pb1I3,2.5121,3.15672,3.55049
H4N1O1Pb1I3,2.2939,3.21152,3.63679
H4N1O1Pb1I3,2.4752,3.22109,3.63165
C1H5N2Pb1I3,1.6258,2.87303,3.55899
C1H5N2Pb1I3,1.9124,2.87271,3.59979
C1H5N2Pb1I3,2.3343,3.74835,3.69373
C4H12N1Pb1I3,1.7965,3.52134,3.64739
C4H12N1Pb1I3,1.6871,3.51574,3.97355
C4H12N1Pb1I3,2.5409,3.58106,4.0064
H5N2Pb1I3,1.8533,3.27356,3.93931
H5N2Pb1I3,2.2274,3.22842,3.95174
H5N2Pb1I3,1.9771,3.37433,3.69233
H5N2Pb1I3,2.1969,3.26202,3.74705
H5N2Pb1I3,2.3737,3.35288,3.79464
H5N2Pb1I3,2.8528,3.02392,3.93392
H5N2Pb1I3,2.4133,2.86976,3.73818
H5N2Pb1I3,2.0514,2.7977,3.86518
H5N2Pb1I3,2.3631,2.8943,4.04825
H4N1Pb1I3,2.3167,2.9566,4.15478
H4N1Pb1I3,2.0452,3.65488,3.56771
H4N1Pb1I3,2.4065,3.64819,3.4468
C3H10N1Pb1I3,1.5974,3.75698,4.06
C3H10N1Pb1I3,1.6183,3.64826,3.95252
C3H10N1Pb1I3,1.6891,3.67982,3.71219
C3H10N1Pb1I3,1.7386,3.63557,3.96481
C3H10N1Pb1I3,1.7666,2.58775,4.07133
C3H10N1Pb1I3,1.8033,2.64523,3.80352
C3H10N1Pb1I3,1.7448,2.6776,3.9603
C3H10N1Pb1I3,2.5954,2.743,3.92553
C3H10N1Pb1I3,2.5039,3.68281,3.84883
C3H10N1Pb1I3,2.3828,3.77786,4.02036
C3H10N1Pb1I3,2.3186,3.76048,3.71331
C3H10N1Pb1I3,2.9069,2.82962,3.75455
C3H8N1Pb1I3,1.5501,2.88018,3.9561
C3H8N1Pb1I3,1.5159,2.71048,3.93917
C3H8N1Pb1I3,1.7818,3.79842,4.11265
C3H8N1Pb1I3,1.5462,3.63992,4.02932
C3H8N1Pb1I3,1.5966,3.802,3.83738
C3H8N1Pb1I3,1.7652,2.58844,3.91526
C3H8N1Pb1I3,1.7917,2.64005,3.90938
C3H8N1Pb1I3,2.499,3.66629,3.77234
C3H8N1Pb1I3,2.6534,3.65732,3.69521
C3H8N1Pb1I3,2.7275,3.45863,3.67113
C3H8N1Pb1I3,2.3712,2.74484,3.91915
C3H8N1Pb1I3,2.5367,2.66619,3.59428
C3H8N1Pb1I3,2.2069,3.81133,3.59856
C3H8N1Pb1I3,2.4482,3.05568,3.69672
C3H8N1Pb1I3,2.3324,3.43753,3.72276
C3H5N2Pb1I3,1.6653,3.49503,3.70001
C3H5N2Pb1I3,1.5309,3.60127,3.87589
C3H5N2Pb1I3,1.5521,3.55078,3.74519
C3H5N2Pb1I3,1.6908,3.55875,3.79577
C3H5N2Pb1I3,2.4629,2.83441,3.8538
C3H5N2Pb1I3,2.5749,2.84413,3.79037
